{"train_loss": [0.25537476117357544, 0.08100179978568386, 0.031224865690366026], "val_loss": [0.1464528467682065, 0.11282737019036682, 0.14207493118937517], "val_acc": [0.9506694855532065, 0.9696969696969697, 0.9689922480620154]}