{"train_loss": [0.3213782086069101, 0.1454065656858919, 0.08981866205184995, 0.05592856411727777, 0.04025210974553378, 0.026240469318720212, 0.019816091065889937, 0.018870826583470543, 0.01509802468063357, 0.013149958068980847], "val_loss": [0.2047133560044989, 0.14611521787505657, 0.16676833669092556, 0.20188991505970327, 0.1870074318990983, 0.20544575257692815, 0.19259307853788285, 0.22630241901795572, 0.2344410632637876, 0.2457886561278813], "val_acc": [0.9189570119802678, 0.9478505990133897, 0.9429175475687104, 0.9506694855532065, 0.9534883720930233, 0.9570119802677942, 0.9570119802677942, 0.9577167019027484, 0.9541930937279774, 0.9577167019027484]}